ReactomeID,Description,GeneRatio_Calculated,BgRatio_Calculated,pvalue,padj
R-MMU-1474244,Extracellular matrix organization,0.06802721088435375,0.030494607660840462,0.000632631,0.393165255
R-MMU-198933,Immunoregulatory interactions between a Lymphoid and a non-Lymphoid cell,0.034013605442176874,0.01128052559811578,0.001672574,0.393165255
R-MMU-3000157,Laminin interactions,0.017006802721088437,0.0032230073137473657,0.002175929,0.393165255
R-MMU-216083,Integrin cell surface interactions,0.027210884353741496,0.008677327383165985,0.003750273,0.393165255
R-MMU-8957275,Post-translational protein phosphorylation,0.034013605442176874,0.012892029254989463,0.004487257,0.393165255
R-MMU-1799339,SRP-dependent cotranslational protein targeting to membrane,0.030612244897959183,0.010908640138837238,0.004591164,0.393165255
R-MMU-430116,GP1b-IX-V activation signalling,0.01020408163265306,0.0012396181975951406,0.004751631,0.393165255
R-MMU-975956,Nonsense Mediated Decay (NMD) independent of the Exon Junction Complex (EJC),0.030612244897959183,0.011156563778356266,0.005328054,0.393165255
R-MMU-202733,Cell surface interactions at the vascular wall,0.034013605442176874,0.013263914714268006,0.005491038,0.393165255
R-MMU-416572,Sema4D induced cell migration and growth-cone collapse,0.01020408163265306,0.0013635800173546547,0.006358884,0.393165255
R-MMU-381426,Regulation of Insulin-like Growth Factor (IGF) transport and uptake by Insulin-like Growth Factor Binding Proteins (IGFBPs),0.034013605442176874,0.013635800173546547,0.006662568,0.393165255
R-MMU-2129379,Molecules associated with elastic fibres,0.017006802721088437,0.004214701871823478,0.007258435,0.393165255
R-MMU-72689,Formation of a pool of free 40S subunits,0.030612244897959183,0.012024296516672865,0.008648229,0.401688867
R-MMU-9006934,Signaling by Receptor Tyrosine Kinases,0.08163265306122448,0.04884095698524854,0.009140565,0.401688867
R-MMU-8875878,MET promotes cell motility,0.017006802721088437,0.004462625511342506,0.009269743,0.401688867
R-MMU-1963642,PI3K events in ERBB2 signaling,0.01020408163265306,0.001735465476633197,0.012937161,0.461421223
R-MMU-400685,Sema4D in semaphorin signaling,0.01020408163265306,0.001735465476633197,0.012937161,0.461421223
R-MMU-8874081,MET activates PTK2 signaling,0.013605442176870748,0.0032230073137473657,0.01371487,0.461421223
R-MMU-156827,L13a-mediated translational silencing of Ceruloplasmin expression,0.030612244897959183,0.013263914714268006,0.015853138,0.461421223
R-MMU-1566948,Elastic fibre formation,0.017006802721088437,0.005082434610140077,0.015904413,0.461421223
R-MMU-6806834,Signaling by MET,0.023809523809523808,0.009049212842444527,0.016604966,0.461421223
R-MMU-72706,GTP hydrolysis and joining of the 60S ribosomal subunit,0.030612244897959183,0.01338787653402752,0.01676142,0.461421223
R-MMU-927802,Nonsense-Mediated Decay (NMD),0.030612244897959183,0.013511838353787034,0.017707238,0.461421223
R-MMU-975957,Nonsense Mediated Decay (NMD) enhanced by the Exon Junction Complex (EJC),0.030612244897959183,0.013511838353787034,0.017707238,0.461421223
R-MMU-8964043,Plasma lipoprotein clearance,0.013605442176870748,0.003470930953266394,0.01774697,0.461421223
R-MMU-2173782,Binding and Uptake of Ligands by Scavenger Receptors,0.013605442176870748,0.003594892773025908,0.020011644,0.500291092
R-MMU-72613,Eukaryotic Translation Initiation,0.030612244897959183,0.014255609272344118,0.024215805,0.562152619
R-MMU-72737,Cap-dependent Translation Initiation,0.030612244897959183,0.014255609272344118,0.024215805,0.562152619
R-MMU-5683826,Surfactant metabolism,0.01020408163265306,0.002231312755671253,0.026053545,0.57264981
R-MMU-8848021,Signaling by PTK6,0.017006802721088437,0.005826205528697162,0.027310991,0.57264981
R-MMU-9006927,Signaling by Non-Receptor Tyrosine Kinases,0.017006802721088437,0.005826205528697162,0.027310991,0.57264981
R-MMU-373755,Semaphorin interactions,0.017006802721088437,0.005950167348456675,0.029610495,0.599359089
R-MMU-446728,Cell junction organization,0.02040816326530612,0.008057518284368414,0.030429,0.599359089
R-MMU-109582,Hemostasis,0.08843537414965986,0.06086525350192141,0.034471117,0.641955216
R-MMU-977443,GABA receptor activation,0.017006802721088437,0.006198090987975704,0.034566819,0.641955216
R-MMU-72695,"Formation of the ternary complex, and subsequently, the 43S complex",0.017006802721088437,0.006322052807735217,0.037226259,0.672140789
R-MMU-190828,Gap junction trafficking,0.013605442176870748,0.004462625511342506,0.040751768,0.684753306
R-MMU-5576893,Phase 2 - plateau phase,0.01020408163265306,0.0027271600347093094,0.044208798,0.684753306
R-MMU-1474228,Degradation of the extracellular matrix,0.027210884353741496,0.013511838353787034,0.045092177,0.684753306
R-MMU-6791226,Major pathway of rRNA processing in the nucleolus and cytosol,0.03741496598639456,0.021197471178876905,0.047767469,0.684753306
R-MMU-72312,rRNA processing,0.03741496598639456,0.021197471178876905,0.047767469,0.684753306
R-MMU-8868773,rRNA processing in the nucleus and cytosol,0.03741496598639456,0.021197471178876905,0.047767469,0.684753306
R-MMU-157858,Gap junction trafficking and regulation,0.013605442176870748,0.004710549150861535,0.048288171,0.684753306
R-MMU-2022090,Assembly of collagen fibrils and other multimeric structures,0.017006802721088437,0.0068179000867732735,0.049094625,0.684753306
R-MMU-4641265,Repression of WNT target genes,0.006802721088435374,0.0012396181975951406,0.049099717,0.684753306
R-MMU-8866427,VLDLR internalisation and degradation,0.006802721088435374,0.0012396181975951406,0.049099717,0.684753306
R-MMU-210991,Basigin interactions,0.01020408163265306,0.0028511218544688237,0.049512931,0.684753306
R-MMU-3000171,Non-integrin membrane-ECM interactions,0.013605442176870748,0.004834510970621049,0.052325771,0.688326854
R-MMU-174824,"Plasma lipoprotein assembly, remodeling, and clearance",0.017006802721088437,0.006941861906532788,0.052372304,0.688326854
R-MMU-114608,Platelet degranulation ,0.027210884353741496,0.014255609272344118,0.058443239,0.688326854
R-MMU-1963640,GRB2 events in ERBB2 signaling,0.006802721088435374,0.0013635800173546547,0.05859768,0.688326854
R-MMU-417957,P2Y receptors,0.006802721088435374,0.0013635800173546547,0.05859768,0.688326854
R-MMU-73621,Pyrimidine catabolism,0.006802721088435374,0.0013635800173546547,0.05859768,0.688326854
R-MMU-8847993,ERBB2 Activates PTK6 Signaling,0.006802721088435374,0.0013635800173546547,0.05859768,0.688326854
R-MMU-72649,Translation initiation complex formation,0.017006802721088437,0.007189785546051816,0.059302006,0.688326854
R-MMU-72702,Ribosomal scanning and start codon recognition,0.017006802721088437,0.007189785546051816,0.059302006,0.688326854
R-MMU-72662,"Activation of the mRNA upon binding of the cap-binding complex and eIFs, and subsequent binding to 43S",0.017006802721088437,0.00731374736581133,0.062953809,0.70846643
R-MMU-1358803,Downregulation of ERBB2:ERBB3 signaling,0.006802721088435374,0.0014875418371141688,0.068666746,0.70846643
R-MMU-1614558,Degradation of cysteine and homocysteine,0.006802721088435374,0.0014875418371141688,0.068666746,0.70846643
R-MMU-170670,Adenylate cyclase inhibitory pathway,0.006802721088435374,0.0014875418371141688,0.068666746,0.70846643
R-MMU-2160916,Hyaluronan uptake and degradation,0.006802721088435374,0.0014875418371141688,0.068666746,0.70846643
R-MMU-75205,Dissolution of Fibrin Clot,0.006802721088435374,0.0014875418371141688,0.068666746,0.70846643
R-MMU-8963691,Phenylalanine and tyrosine metabolism,0.006802721088435374,0.0014875418371141688,0.068666746,0.70846643
R-MMU-76005,Response to elevated platelet cytosolic Ca2+,0.027210884353741496,0.014875418371141688,0.071300161,0.724142264
R-MMU-1442490,Collagen degradation,0.013605442176870748,0.005454320069418619,0.075160174,0.751601739
R-MMU-1500931,Cell-Cell communication,0.02040816326530612,0.010164869220280153,0.077984321,0.768027409
R-MMU-6785631,ERBB2 Regulates Cell Motility,0.006802721088435374,0.0016115036568736829,0.079252988,0.768872275
R-MMU-74751,Insulin receptor signalling cascade,0.013605442176870748,0.005702243708937647,0.085491975,0.817202704
R-MMU-2214320,Anchoring fibril formation,0.006802721088435374,0.001735465476633197,0.090305626,0.826741648
R-MMU-418038,Nucleotide-like (purinergic) receptors,0.006802721088435374,0.001735465476633197,0.090305626,0.826741648
R-MMU-877300,Interferon gamma signaling,0.006802721088435374,0.001735465476633197,0.090305626,0.826741648
R-MMU-76002,"Platelet activation, signaling and aggregation",0.04421768707482993,0.029378951283004835,0.092276712,0.829797721
R-MMU-420092,Glucagon-type ligand receptors,0.01020408163265306,0.003718854592785422,0.094469279,0.829797721
R-MMU-68962,Activation of the pre-replicative complex,0.01020408163265306,0.003718854592785422,0.094469279,0.829797721
R-MMU-375276,Peptide ligand-binding receptors,0.034013605442176874,0.021445394818395934,0.10021101,0.834375244
R-MMU-1250196,SHC1 events in ERBB2 signaling,0.006802721088435374,0.001859427296392711,0.101776873,0.834375244
R-MMU-159418,Recycling of bile acids and salts,0.006802721088435374,0.001859427296392711,0.101776873,0.834375244
R-MMU-5654710,PI-3K cascade:FGFR3,0.006802721088435374,0.001859427296392711,0.101776873,0.834375244
R-MMU-70221,Glycogen breakdown (glycogenolysis),0.006802721088435374,0.001859427296392711,0.101776873,0.834375244
R-MMU-1266738,Developmental Biology,0.06462585034013606,0.04772530060741292,0.109530815,0.834375244
R-MMU-418990,Adherens junctions interactions,0.01020408163265306,0.003966778232304451,0.10956895,0.834375244
R-MMU-500792,GPCR ligand binding,0.05782312925170068,0.04189909507871575,0.110633339,0.834375244
R-MMU-2168880,Scavenging of heme from plasma,0.006802721088435374,0.0019833891161522253,0.113621783,0.834375244
R-MMU-3000170,Syndecan interactions,0.006802721088435374,0.0019833891161522253,0.113621783,0.834375244
R-MMU-442660,Na+/Cl- dependent neurotransmitter transporters,0.006802721088435374,0.0019833891161522253,0.113621783,0.834375244
R-MMU-8963898,Plasma lipoprotein assembly,0.006802721088435374,0.0019833891161522253,0.113621783,0.834375244
R-MMU-8964038,LDL clearance,0.006802721088435374,0.0019833891161522253,0.113621783,0.834375244
R-MMU-373076,Class A/1 (Rhodopsin-like receptors),0.047619047619047616,0.0334696913350688,0.116318421,0.834375244
R-MMU-76009,Platelet Aggregation (Plug Formation),0.01020408163265306,0.004090740052063964,0.117446117,0.834375244
R-MMU-5578775,Ion homeostasis,0.013605442176870748,0.006446014627494731,0.120293009,0.834375244
R-MMU-114604,GPVI-mediated activation cascade,0.01020408163265306,0.004214701871823478,0.125527762,0.834375244
R-MMU-1236394,Signaling by ERBB4,0.01020408163265306,0.004214701871823478,0.125527762,0.834375244
R-MMU-977444,GABA B receptor activation,0.01020408163265306,0.004214701871823478,0.125527762,0.834375244
R-MMU-991365,Activation of GABAB receptors,0.01020408163265306,0.004214701871823478,0.125527762,0.834375244
R-MMU-2142845,Hyaluronan metabolism,0.006802721088435374,0.002107350935911739,0.125798114,0.834375244
R-MMU-446353,Cell-extracellular matrix interactions,0.006802721088435374,0.002107350935911739,0.125798114,0.834375244
R-MMU-5654689,PI-3K cascade:FGFR1,0.006802721088435374,0.002107350935911739,0.125798114,0.834375244
R-MMU-5654720,PI-3K cascade:FGFR4,0.006802721088435374,0.002107350935911739,0.125798114,0.834375244
R-MMU-6811558,"PI5P, PP2A and IER3 Regulate PI3K/AKT Signaling",0.02040816326530612,0.011776372877153836,0.132477705,0.855933525
R-MMU-936837,Ion transport by P-type ATPases,0.013605442176870748,0.00669393826701376,0.133063208,0.855933525
R-MMU-3928665,EPH-ephrin mediated repulsion of cells,0.01020408163265306,0.004338663691582993,0.133803449,0.855933525
R-MMU-114452,Activation of BH3-only proteins,0.006802721088435374,0.002231312755671253,0.138266185,0.855933525
R-MMU-1236977,Endosomal/Vacuolar pathway,0.006802721088435374,0.002231312755671253,0.138266185,0.855933525
R-MMU-2243919,Crosslinking of collagen fibrils,0.006802721088435374,0.002231312755671253,0.138266185,0.855933525
R-MMU-3928663,EPHA-mediated growth cone collapse,0.006802721088435374,0.002231312755671253,0.138266185,0.855933525
R-MMU-425393,Transport of inorganic cations/anions and amino acids/oligopeptides,0.02040816326530612,0.012024296516672865,0.142158146,0.871724481
R-MMU-194138,Signaling by VEGF,0.02040816326530612,0.012148258336432379,0.147118057,0.892206255
R-MMU-112043,PLC beta mediated events,0.01020408163265306,0.00458658733110202,0.150894991,0.892206255
R-MMU-422475,Axon guidance,0.04421768707482993,0.032106111317714146,0.150962182,0.892206255
R-MMU-5654695,PI-3K cascade:FGFR2,0.006802721088435374,0.0023552745754307674,0.150988751,0.892206255
R-MMU-109704,PI3K Cascade,0.01020408163265306,0.004710549150861535,0.159689861,0.898475121
R-MMU-112040,G-protein mediated events,0.01020408163265306,0.004710549150861535,0.159689861,0.898475121
R-MMU-977606,Regulation of Complement cascade,0.01020408163265306,0.004710549150861535,0.159689861,0.898475121
R-MMU-1474290,Collagen formation,0.017006802721088437,0.009792983761001612,0.160537658,0.898475121
R-MMU-5576891,Cardiac conduction,0.023809523809523808,0.015247303830420231,0.161583031,0.898475121
R-MMU-8982491,Glycogen metabolism,0.006802721088435374,0.0024792363951902812,0.163930878,0.898475121
R-MMU-9012852,Signaling by NOTCH3,0.006802721088435374,0.0024792363951902812,0.163930878,0.898475121
R-MMU-9013507,NOTCH3 Activation and Transmission of Signal to the Nucleus,0.006802721088435374,0.0024792363951902812,0.163930878,0.898475121
R-MMU-199418,Negative regulation of the PI3K/AKT network,0.02040816326530612,0.012644105615470434,0.167719367,0.898475121
R-MMU-112399,IRS-mediated signalling,0.01020408163265306,0.004834510970621049,0.168636869,0.898475121
R-MMU-5362517,Signaling by Retinoic Acid,0.01020408163265306,0.004834510970621049,0.168636869,0.898475121
R-MMU-8948216,Collagen chain trimerization,0.01020408163265306,0.004834510970621049,0.168636869,0.898475121
R-MMU-72766,Translation,0.03741496598639456,0.02714763852733358,0.175714262,0.909619497
R-MMU-112409,RAF-independent MAPK1/3 activation,0.006802721088435374,0.0026031982149497955,0.177059823,0.909619497
R-MMU-2029485,Role of phospholipids in phagocytosis,0.006802721088435374,0.0026031982149497955,0.177059823,0.909619497
R-MMU-5654708,Downstream signaling of activated FGFR3,0.006802721088435374,0.0026031982149497955,0.177059823,0.909619497
R-MMU-421270,Cell-cell junction organization,0.01020408163265306,0.0049584727903805624,0.177725656,0.909619497
R-MMU-194840,Rho GTPase cycle,0.023809523809523808,0.015867112929217803,0.185764753,0.937313667
R-MMU-112315,Transmission across Chemical Synapses,0.034013605442176874,0.024544440312383786,0.186020712,0.937313667
R-MMU-3371571,HSF1-dependent transactivation,0.006802721088435374,0.0027271600347093094,0.190344925,0.942501849
R-MMU-69190,DNA strand elongation,0.006802721088435374,0.0027271600347093094,0.190344925,0.942501849
R-MMU-397014,Muscle contraction,0.030612244897959183,0.021817280277674475,0.192770551,0.942501849
R-MMU-157118,Signaling by NOTCH,0.01020408163265306,0.005206396429899591,0.196287666,0.942501849
R-MMU-2424491,DAP12 signaling,0.01020408163265306,0.005206396429899591,0.196287666,0.942501849
R-MMU-5576892,Phase 0 - rapid depolarisation,0.01020408163265306,0.005206396429899591,0.196287666,0.942501849
R-MMU-5223345,Miscellaneous transport and binding events,0.006802721088435374,0.0028511218544688237,0.203757496,0.942501849
R-MMU-5654716,Downstream signaling of activated FGFR4,0.006802721088435374,0.0028511218544688237,0.203757496,0.942501849
R-MMU-2428928,IRS-related events triggered by IGF1R,0.01020408163265306,0.005330358249659105,0.205740768,0.942501849
R-MMU-2428924,IGF1R signaling cascade,0.01020408163265306,0.005454320069418619,0.215295445,0.942501849
R-MMU-3000178,ECM proteoglycans,0.01020408163265306,0.005454320069418619,0.215295445,0.942501849
R-MMU-111933,Calmodulin induced events,0.006802721088435374,0.0029750836742283376,0.217270717,0.942501849
R-MMU-111997,CaM pathway,0.006802721088435374,0.0029750836742283376,0.217270717,0.942501849
R-MMU-1614635,Sulfur amino acid metabolism,0.006802721088435374,0.0029750836742283376,0.217270717,0.942501849
R-MMU-202040,G-protein activation,0.006802721088435374,0.0029750836742283376,0.217270717,0.942501849
R-MMU-8955332,Carboxyterminal post-translational modifications of tubulin,0.006802721088435374,0.0029750836742283376,0.217270717,0.942501849
R-MMU-8963899,Plasma lipoprotein remodeling,0.006802721088435374,0.0029750836742283376,0.217270717,0.942501849
R-MMU-111885,Opioid Signalling,0.013605442176870748,0.008181480104127928,0.219485774,0.942501849
R-MMU-112314,Neurotransmitter receptors and postsynaptic signal transmission,0.023809523809523808,0.0167348456675344,0.22191951,0.942501849
R-MMU-2404192,Signaling by Type 1 Insulin-like Growth Factor 1 Receptor (IGF1R),0.01020408163265306,0.005578281889178133,0.22494205,0.942501849
R-MMU-5683057,MAPK family signaling cascades,0.04081632653061224,0.031858187678195114,0.227829386,0.942501849
R-MMU-4420097,VEGFA-VEGFR2 Pathway,0.017006802721088437,0.011156563778356266,0.230523481,0.942501849
R-MMU-1482839,Acyl chain remodelling of PE,0.006802721088435374,0.003099045493987852,0.230859544,0.942501849
R-MMU-1489509,DAG and IP3 signaling,0.006802721088435374,0.003099045493987852,0.230859544,0.942501849
R-MMU-4090294,SUMOylation of intracellular receptors,0.006802721088435374,0.003099045493987852,0.230859544,0.942501849
R-MMU-5654696,Downstream signaling of activated FGFR2,0.006802721088435374,0.003099045493987852,0.230859544,0.942501849
R-MMU-1227986,Signaling by ERBB2,0.01020408163265306,0.005702243708937647,0.234671125,0.942501849
R-MMU-166520,Signaling by NTRKs,0.013605442176870748,0.008553365563406471,0.243101066,0.942501849
R-MMU-74752,Signaling by Insulin receptor,0.013605442176870748,0.008553365563406471,0.243101066,0.942501849
R-MMU-111996,Ca-dependent events,0.006802721088435374,0.0032230073137473657,0.244500612,0.942501849
R-MMU-1592230,Mitochondrial biogenesis,0.006802721088435374,0.0032230073137473657,0.244500612,0.942501849
R-MMU-2022854,Keratan sulfate biosynthesis,0.006802721088435374,0.0032230073137473657,0.244500612,0.942501849
R-MMU-399719,Trafficking of AMPA receptors,0.006802721088435374,0.0032230073137473657,0.244500612,0.942501849
R-MMU-399721,"Glutamate binding, activation of AMPA receptors and synaptic plasticity",0.006802721088435374,0.0032230073137473657,0.244500612,0.942501849
R-MMU-5654687,Downstream signaling of activated FGFR1,0.006802721088435374,0.0032230073137473657,0.244500612,0.942501849
R-MMU-416482,G alpha (12/13) signalling events,0.013605442176870748,0.008677327383165985,0.251099138,0.942501849
R-MMU-1236974,ER-Phagosome pathway,0.006802721088435374,0.00334696913350688,0.258172147,0.942501849
R-MMU-186763,Downstream signal transduction,0.006802721088435374,0.00334696913350688,0.258172147,0.942501849
R-MMU-8863795,Downregulation of ERBB2 signaling,0.006802721088435374,0.00334696913350688,0.258172147,0.942501849
R-MMU-166658,Complement cascade,0.01020408163265306,0.006074129168216189,0.264261733,0.942501849
R-MMU-190861,Gap junction assembly,0.006802721088435374,0.003470930953266394,0.271853886,0.942501849
R-MMU-9607240,FLT3 Signaling,0.03741496598639456,0.030122722201561918,0.272422147,0.942501849
R-MMU-2172127,DAP12 interactions,0.01020408163265306,0.006198090987975704,0.27423036,0.942501849
R-MMU-418594,G alpha (i) signalling events,0.047619047619047616,0.039791744142804016,0.281729859,0.942501849
R-MMU-373080,Class B/2 (Secretin family receptors),0.01020408163265306,0.006322052807735217,0.28423743,0.942501849
R-MMU-1592389,Activation of Matrix Metalloproteinases,0.006802721088435374,0.003594892773025908,0.285526988,0.942501849
R-MMU-352230,Amino acid transport across the plasma membrane,0.006802721088435374,0.003594892773025908,0.285526988,0.942501849
R-MMU-392518,Signal amplification,0.006802721088435374,0.003594892773025908,0.285526988,0.942501849
R-MMU-2022928,HS-GAG biosynthesis,0.006802721088435374,0.003718854592785422,0.299173967,0.942501849
R-MMU-3769402,Deactivation of the beta-catenin transactivating complex,0.006802721088435374,0.003718854592785422,0.299173967,0.942501849
R-MMU-2132295,MHC class II antigen presentation,0.017006802721088437,0.012520143795710922,0.307481026,0.942501849
R-MMU-112308,Presynaptic depolarization and calcium channel opening,0.003401360544217687,0.0012396181975951406,0.310277485,0.942501849
R-MMU-190239,FGFR3 ligand binding and activation,0.003401360544217687,0.0012396181975951406,0.310277485,0.942501849
R-MMU-190372,FGFR3c ligand binding and activation,0.003401360544217687,0.0012396181975951406,0.310277485,0.942501849
R-MMU-190375,FGFR2c ligand binding and activation,0.003401360544217687,0.0012396181975951406,0.310277485,0.942501849
R-MMU-2122948,Activated NOTCH1 Transmits Signal to the Nucleus,0.003401360544217687,0.0012396181975951406,0.310277485,0.942501849
R-MMU-390471,Association of TriC/CCT with target proteins during biosynthesis,0.003401360544217687,0.0012396181975951406,0.310277485,0.942501849
R-MMU-399955,SEMA3A-Plexin repulsion signaling by inhibiting Integrin adhesion,0.003401360544217687,0.0012396181975951406,0.310277485,0.942501849
R-MMU-418457,cGMP effects,0.003401360544217687,0.0012396181975951406,0.310277485,0.942501849
R-MMU-446107,Type I hemidesmosome assembly,0.003401360544217687,0.0012396181975951406,0.310277485,0.942501849
R-MMU-5140745,"WNT5A-dependent internalization of FZD2, FZD5 and ROR2",0.003401360544217687,0.0012396181975951406,0.310277485,0.942501849
R-MMU-5654227,Phospholipase C-mediated cascade; FGFR3,0.003401360544217687,0.0012396181975951406,0.310277485,0.942501849
R-MMU-5658623,FGFRL1 modulation of FGFR1 signaling,0.003401360544217687,0.0012396181975951406,0.310277485,0.942501849
R-MMU-70635,Urea cycle,0.003401360544217687,0.0012396181975951406,0.310277485,0.942501849
R-MMU-71384,Ethanol oxidation,0.003401360544217687,0.0012396181975951406,0.310277485,0.942501849
R-MMU-73614,Pyrimidine salvage,0.003401360544217687,0.0012396181975951406,0.310277485,0.942501849
R-MMU-109606,Intrinsic Pathway for Apoptosis,0.006802721088435374,0.0038428164125449363,0.312778613,0.942501849
R-MMU-196807,Nicotinate metabolism,0.006802721088435374,0.0038428164125449363,0.312778613,0.942501849
R-MMU-186797,Signaling by PDGF,0.01020408163265306,0.00669393826701376,0.314409545,0.942501849
R-MMU-5673001,RAF/MAP kinase cascade,0.034013605442176874,0.02838725672492872,0.324200821,0.942501849
R-MMU-1638074,Keratan sulfate/keratin metabolism,0.006802721088435374,0.003966778232304451,0.326325924,0.942501849
R-MMU-437239,Recycling pathway of L1,0.006802721088435374,0.003966778232304451,0.326325924,0.942501849
R-MMU-75105,Fatty acyl-CoA biosynthesis,0.006802721088435374,0.003966778232304451,0.326325924,0.942501849
R-MMU-6798695,Neutrophil degranulation,0.06462585034013606,0.05764224618817404,0.335366069,0.942501849
R-MMU-1250347,SHC1 events in ERBB4 signaling,0.003401360544217687,0.0013635800173546547,0.335445466,0.942501849
R-MMU-1461973,Defensins,0.003401360544217687,0.0013635800173546547,0.335445466,0.942501849
R-MMU-190242,FGFR1 ligand binding and activation,0.003401360544217687,0.0013635800173546547,0.335445466,0.942501849
R-MMU-190322,FGFR4 ligand binding and activation,0.003401360544217687,0.0013635800173546547,0.335445466,0.942501849
R-MMU-193692,Regulated proteolysis of p75NTR,0.003401360544217687,0.0013635800173546547,0.335445466,0.942501849
R-MMU-390666,Serotonin receptors,0.003401360544217687,0.0013635800173546547,0.335445466,0.942501849
R-MMU-418885,DCC mediated attractive signaling,0.003401360544217687,0.0013635800173546547,0.335445466,0.942501849
R-MMU-6785807,Interleukin-4 and Interleukin-13 signaling,0.003401360544217687,0.0013635800173546547,0.335445466,0.942501849
R-MMU-74749,Signal attenuation,0.003401360544217687,0.0013635800173546547,0.335445466,0.942501849
R-MMU-879518,Transport of organic anions,0.003401360544217687,0.0013635800173546547,0.335445466,0.942501849
R-MMU-8854691,Interleukin-20 family signaling,0.003401360544217687,0.0013635800173546547,0.335445466,0.942501849
R-MMU-6791312,TP53 Regulates Transcription of Cell Cycle Genes,0.006802721088435374,0.004090740052063964,0.339802041,0.942501849
R-MMU-187037,Signaling by NTRK1 (TRKA),0.01020408163265306,0.007065823726292302,0.344651083,0.942501849
R-MMU-2980736,Peptide hormone metabolism,0.01020408163265306,0.007065823726292302,0.344651083,0.942501849
R-MMU-983170,"Antigen Presentation: Folding, assembly and peptide loading of class I MHC",0.006802721088435374,0.004214701871823478,0.353194183,0.942501849
R-MMU-5684996,MAPK1/MAPK3 signaling,0.034013605442176874,0.029131027643485807,0.353400804,0.942501849
R-MMU-1251985,Nuclear signaling by ERBB4,0.003401360544217687,0.0014875418371141688,0.359698077,0.942501849
R-MMU-1475029,Reversible hydration of carbon dioxide,0.003401360544217687,0.0014875418371141688,0.359698077,0.942501849
R-MMU-1679131,Trafficking and processing of endosomal TLR,0.003401360544217687,0.0014875418371141688,0.359698077,0.942501849
R-MMU-196108,Pregnenolone biosynthesis,0.003401360544217687,0.0014875418371141688,0.359698077,0.942501849
R-MMU-2024101,CS/DS degradation,0.003401360544217687,0.0014875418371141688,0.359698077,0.942501849
R-MMU-210990,PECAM1 interactions,0.003401360544217687,0.0014875418371141688,0.359698077,0.942501849
R-MMU-2162123,Synthesis of Prostaglandins (PG) and Thromboxanes (TX),0.003401360544217687,0.0014875418371141688,0.359698077,0.942501849
R-MMU-2995383,Initiation of Nuclear Envelope Reformation,0.003401360544217687,0.0014875418371141688,0.359698077,0.942501849
R-MMU-2995410,Nuclear Envelope Reassembly,0.003401360544217687,0.0014875418371141688,0.359698077,0.942501849
R-MMU-3134975,Regulation of innate immune responses to cytosolic DNA,0.003401360544217687,0.0014875418371141688,0.359698077,0.942501849
R-MMU-425561,Sodium/Calcium exchangers,0.003401360544217687,0.0014875418371141688,0.359698077,0.942501849
R-MMU-5218921,VEGFR2 mediated cell proliferation,0.003401360544217687,0.0014875418371141688,0.359698077,0.942501849
R-MMU-5654219,Phospholipase C-mediated cascade: FGFR1,0.003401360544217687,0.0014875418371141688,0.359698077,0.942501849
R-MMU-5654228,Phospholipase C-mediated cascade; FGFR4,0.003401360544217687,0.0014875418371141688,0.359698077,0.942501849
R-MMU-68884,Mitotic Telophase/Cytokinesis,0.003401360544217687,0.0014875418371141688,0.359698077,0.942501849
R-MMU-69166,Removal of the Flap Intermediate,0.003401360544217687,0.0014875418371141688,0.359698077,0.942501849
R-MMU-73817,Purine ribonucleoside monophosphate biosynthesis,0.003401360544217687,0.0014875418371141688,0.359698077,0.942501849
R-MMU-9027276,Erythropoietin activates Phosphoinositide-3-kinase (PI3K),0.003401360544217687,0.0014875418371141688,0.359698077,0.942501849
R-MMU-909733,Interferon alpha/beta signaling,0.003401360544217687,0.0014875418371141688,0.359698077,0.942501849
R-MMU-1650814,Collagen biosynthesis and modifying enzymes,0.01020408163265306,0.00731374736581133,0.364758659,0.942501849
R-MMU-8978868,Fatty acid metabolism,0.023809523809523808,0.019957852981281766,0.371741326,0.942501849
R-MMU-112316,Neuronal System,0.04421768707482993,0.03954382050328499,0.379538641,0.942501849
R-MMU-5654741,Signaling by FGFR3,0.006802721088435374,0.004462625511342506,0.379680468,0.942501849
R-MMU-193048,Androgen biosynthesis,0.003401360544217687,0.0016115036568736829,0.383068501,0.942501849
R-MMU-194002,Glucocorticoid biosynthesis,0.003401360544217687,0.0016115036568736829,0.383068501,0.942501849
R-MMU-2022857,Keratan sulfate degradation,0.003401360544217687,0.0016115036568736829,0.383068501,0.942501849
R-MMU-202670,ERKs are inactivated,0.003401360544217687,0.0016115036568736829,0.383068501,0.942501849
R-MMU-2029481,FCGR activation,0.003401360544217687,0.0016115036568736829,0.383068501,0.942501849
R-MMU-392154,Nitric oxide stimulates guanylate cyclase,0.003401360544217687,0.0016115036568736829,0.383068501,0.942501849
R-MMU-5099900,WNT5A-dependent internalization of FZD4,0.003401360544217687,0.0016115036568736829,0.383068501,0.942501849
R-MMU-69183,Processive synthesis on the lagging strand,0.003401360544217687,0.0016115036568736829,0.383068501,0.942501849
R-MMU-8849471,"PTK6 Regulates RHO GTPases, RAS GTPase and MAP kinases",0.003401360544217687,0.0016115036568736829,0.383068501,0.942501849
R-MMU-8935690,Digestion,0.003401360544217687,0.0016115036568736829,0.383068501,0.942501849
R-MMU-8964539,Glutamate and glutamine metabolism,0.003401360544217687,0.0016115036568736829,0.383068501,0.942501849
R-MMU-5654743,Signaling by FGFR4,0.006802721088435374,0.00458658733110202,0.392753923,0.942501849
R-MMU-8853659,RET signaling,0.006802721088435374,0.00458658733110202,0.392753923,0.942501849
R-MMU-8956319,Nucleobase catabolism,0.006802721088435374,0.00458658733110202,0.392753923,0.942501849
R-MMU-2187338,Visual phototransduction,0.013605442176870748,0.010908640138837238,0.400119854,0.942501849
R-MMU-140342,Apoptosis induced DNA fragmentation,0.003401360544217687,0.001735465476633197,0.405588722,0.942501849
R-MMU-156581,Methylation,0.003401360544217687,0.001735465476633197,0.405588722,0.942501849
R-MMU-166786,Creation of C4 and C2 activators,0.003401360544217687,0.001735465476633197,0.405588722,0.942501849
R-MMU-174411,Polymerase switching on the C-strand of the telomere,0.003401360544217687,0.001735465476633197,0.405588722,0.942501849
R-MMU-200425,Import of palmitoyl-CoA into the mitochondrial matrix,0.003401360544217687,0.001735465476633197,0.405588722,0.942501849
R-MMU-2730905,Role of LAT2/NTAL/LAB on calcium mobilization,0.003401360544217687,0.001735465476633197,0.405588722,0.942501849
R-MMU-416993,Trafficking of GluR2-containing AMPA receptors,0.003401360544217687,0.001735465476633197,0.405588722,0.942501849
R-MMU-418359,Reduction of cytosolic Ca++ levels,0.003401360544217687,0.001735465476633197,0.405588722,0.942501849
R-MMU-4419969,Depolymerisation of the Nuclear Lamina,0.003401360544217687,0.001735465476633197,0.405588722,0.942501849
R-MMU-5654221,Phospholipase C-mediated cascade; FGFR2,0.003401360544217687,0.001735465476633197,0.405588722,0.942501849
R-MMU-5654704,SHC-mediated cascade:FGFR3,0.003401360544217687,0.001735465476633197,0.405588722,0.942501849
R-MMU-6804759,Regulation of TP53 Activity through Association with Co-factors,0.003401360544217687,0.001735465476633197,0.405588722,0.942501849
R-MMU-69091,Polymerase switching,0.003401360544217687,0.001735465476633197,0.405588722,0.942501849
R-MMU-69109,Leading Strand Synthesis,0.003401360544217687,0.001735465476633197,0.405588722,0.942501849
R-MMU-196071,Metabolism of steroid hormones,0.006802721088435374,0.004710549150861535,0.405701927,0.942501849
R-MMU-416476,G alpha (q) signalling events,0.027210884353741496,0.023924631213586216,0.406394298,0.942501849
R-MMU-425407,SLC-mediated transmembrane transport,0.030612244897959183,0.027271600347093094,0.40992983,0.942501849
R-MMU-71291,Metabolism of amino acids and derivatives,0.034013605442176874,0.03074253130035949,0.417711755,0.942501849
R-MMU-5675221,Negative regulation of MAPK pathway,0.006802721088435374,0.004834510970621049,0.418516254,0.942501849
R-MMU-9009391,Extra-nuclear estrogen signaling,0.01020408163265306,0.008057518284368414,0.424295519,0.942501849
R-MMU-111931,PKA-mediated phosphorylation of CREB,0.003401360544217687,0.001859427296392711,0.427289568,0.942501849
R-MMU-1482922,Acyl chain remodelling of PI,0.003401360544217687,0.001859427296392711,0.427289568,0.942501849
R-MMU-163615,PKA activation,0.003401360544217687,0.001859427296392711,0.427289568,0.942501849
R-MMU-190241,FGFR2 ligand binding and activation,0.003401360544217687,0.001859427296392711,0.427289568,0.942501849
R-MMU-190872,Transport of connexons to the plasma membrane,0.003401360544217687,0.001859427296392711,0.427289568,0.942501849
R-MMU-2022377,Metabolism of Angiotensinogen to Angiotensins,0.003401360544217687,0.001859427296392711,0.427289568,0.942501849
R-MMU-205043,NRIF signals cell death from the nucleus,0.003401360544217687,0.001859427296392711,0.427289568,0.942501849
R-MMU-354194,GRB2:SOS provides linkage to MAPK signaling for Integrins ,0.003401360544217687,0.001859427296392711,0.427289568,0.942501849
R-MMU-372708,p130Cas linkage to MAPK signaling for integrins,0.003401360544217687,0.001859427296392711,0.427289568,0.942501849
R-MMU-399956,CRMPs in Sema3A signaling,0.003401360544217687,0.001859427296392711,0.427289568,0.942501849
R-MMU-450385,Butyrate Response Factor 1 (BRF1) binds and destabilizes mRNA,0.003401360544217687,0.001859427296392711,0.427289568,0.942501849
R-MMU-450513,"Tristetraprolin (TTP, ZFP36) binds and destabilizes mRNA",0.003401360544217687,0.001859427296392711,0.427289568,0.942501849
R-MMU-8956320,Nucleobase biosynthesis,0.003401360544217687,0.001859427296392711,0.427289568,0.942501849
R-MMU-9037629,Lewis blood group biosynthesis,0.003401360544217687,0.001859427296392711,0.427289568,0.942501849
R-MMU-390466,Chaperonin-mediated protein folding,0.006802721088435374,0.0049584727903805624,0.431189444,0.942501849
R-MMU-391251,Protein folding,0.006802721088435374,0.0049584727903805624,0.431189444,0.942501849
R-MMU-1630316,Glycosaminoglycan metabolism,0.017006802721088437,0.014751456551382174,0.438323168,0.942501849
R-MMU-425397,"Transport of vitamins, nucleosides, and related molecules",0.006802721088435374,0.005082434610140077,0.44371475,0.942501849
R-MMU-2682334,EPH-Ephrin signaling,0.01020408163265306,0.008305441923887442,0.443740186,0.942501849
R-MMU-1369062,ABC transporters in lipid homeostasis,0.003401360544217687,0.0019833891161522253,0.448200754,0.942501849
R-MMU-1482925,Acyl chain remodelling of PG,0.003401360544217687,0.0019833891161522253,0.448200754,0.942501849
R-MMU-1538133,G0 and Early G1,0.003401360544217687,0.0019833891161522253,0.448200754,0.942501849
R-MMU-162710,Synthesis of glycosylphosphatidylinositol (GPI),0.003401360544217687,0.0019833891161522253,0.448200754,0.942501849
R-MMU-180292,GAB1 signalosome,0.003401360544217687,0.0019833891161522253,0.448200754,0.942501849
R-MMU-211935,Fatty acids,0.003401360544217687,0.0019833891161522253,0.448200754,0.942501849
R-MMU-422085,"Synthesis, secretion, and deacylation of Ghrelin",0.003401360544217687,0.0019833891161522253,0.448200754,0.942501849
R-MMU-5654688,SHC-mediated cascade:FGFR1,0.003401360544217687,0.0019833891161522253,0.448200754,0.942501849
R-MMU-5654706,FRS-mediated FGFR3 signaling,0.003401360544217687,0.0019833891161522253,0.448200754,0.942501849
R-MMU-5654719,SHC-mediated cascade:FGFR4,0.003401360544217687,0.0019833891161522253,0.448200754,0.942501849
R-MMU-5676594,TNF receptor superfamily (TNFSF) members mediating non-canonical NF-kB pathway,0.003401360544217687,0.0019833891161522253,0.448200754,0.942501849
R-MMU-8963743,Digestion and absorption,0.003401360544217687,0.0019833891161522253,0.448200754,0.942501849
R-MMU-9033658,Blood group systems biosynthesis,0.003401360544217687,0.0019833891161522253,0.448200754,0.942501849
R-MMU-204998,"Cell death signalling via NRAGE, NRIF and NADE",0.01020408163265306,0.008429403743646957,0.453366829,0.942501849
R-MMU-8856825,Cargo recognition for clathrin-mediated endocytosis,0.013605442176870748,0.011776372877153836,0.457613418,0.942501849
R-MMU-8957322,Metabolism of steroids,0.017006802721088437,0.015123342010660717,0.459849179,0.942501849
R-MMU-211945,Phase I - Functionalization of compounds,0.013605442176870748,0.01190033469691335,0.4656883,0.942501849
R-MMU-196757,Metabolism of folate and pterines,0.003401360544217687,0.002107350935911739,0.468350919,0.942501849
R-MMU-210993,Tie2 Signaling,0.003401360544217687,0.002107350935911739,0.468350919,0.942501849
R-MMU-2559584,Formation of Senescence-Associated Heterochromatin Foci (SAHF),0.003401360544217687,0.002107350935911739,0.468350919,0.942501849
R-MMU-432142,Platelet sensitization by LDL,0.003401360544217687,0.002107350935911739,0.468350919,0.942501849
R-MMU-449836,Other interleukin signaling,0.003401360544217687,0.002107350935911739,0.468350919,0.942501849
R-MMU-5686938,Regulation of TLR by endogenous ligand,0.003401360544217687,0.002107350935911739,0.468350919,0.942501849
R-MMU-6804115,TP53 regulates transcription of additional cell cycle genes whose exact role in the p53 pathway remain uncertain,0.003401360544217687,0.002107350935911739,0.468350919,0.942501849
R-MMU-8949215,Mitochondrial calcium ion transport,0.003401360544217687,0.002107350935911739,0.468350919,0.942501849
R-MMU-9006335,Signaling by Erythropoietin,0.003401360544217687,0.002107350935911739,0.468350919,0.942501849
R-MMU-936964,Activation of IRF3/IRF7 mediated by TBK1/IKK epsilon,0.003401360544217687,0.002107350935911739,0.468350919,0.942501849
R-MMU-109581,Apoptosis,0.013605442176870748,0.012024296516672865,0.473720406,0.943598167
R-MMU-194068,Bile acid and bile salt metabolism,0.006802721088435374,0.005454320069418619,0.480345816,0.943598167
R-MMU-5654736,Signaling by FGFR1,0.006802721088435374,0.005454320069418619,0.480345816,0.943598167
R-MMU-975634,Retinoid metabolism and transport,0.006802721088435374,0.005454320069418619,0.480345816,0.943598167
R-MMU-140837,Intrinsic Pathway of Fibrin Clot Formation,0.003401360544217687,0.002231312755671253,0.487767668,0.943598167
R-MMU-163210,Formation of ATP by chemiosmotic coupling,0.003401360544217687,0.002231312755671253,0.487767668,0.943598167
R-MMU-202433,Generation of second messenger molecules,0.003401360544217687,0.002231312755671253,0.487767668,0.943598167
R-MMU-5654693,FRS-mediated FGFR1 signaling,0.003401360544217687,0.002231312755671253,0.487767668,0.943598167
R-MMU-5654699,SHC-mediated cascade:FGFR2,0.003401360544217687,0.002231312755671253,0.487767668,0.943598167
R-MMU-5654712,FRS-mediated FGFR4 signaling,0.003401360544217687,0.002231312755671253,0.487767668,0.943598167
R-MMU-69186,Lagging Strand Synthesis,0.003401360544217687,0.002231312755671253,0.487767668,0.943598167
R-MMU-888590,"GABA synthesis, release, reuptake and degradation",0.003401360544217687,0.002231312755671253,0.487767668,0.943598167
R-MMU-8949613,Cristae formation,0.003401360544217687,0.002231312755671253,0.487767668,0.943598167
R-MMU-418346,Platelet homeostasis,0.01020408163265306,0.008925251022685012,0.49114623,0.947314687
R-MMU-197264,Nicotinamide salvaging,0.003401360544217687,0.0023552745754307674,0.506477608,0.95752707
R-MMU-1980143,Signaling by NOTCH1,0.003401360544217687,0.0023552745754307674,0.506477608,0.95752707
R-MMU-198753,ERK/MAPK targets,0.003401360544217687,0.0023552745754307674,0.506477608,0.95752707
R-MMU-392170,ADP signalling through P2Y purinoceptor 12,0.003401360544217687,0.0023552745754307674,0.506477608,0.95752707
R-MMU-74259,Purine catabolism,0.003401360544217687,0.0023552745754307674,0.506477608,0.95752707
R-MMU-912526,Interleukin receptor SHC signaling,0.003401360544217687,0.0023552745754307674,0.506477608,0.95752707
R-MMU-380108,Chemokine receptors bind chemokines,0.006802721088435374,0.005826205528697162,0.515463554,0.95752707
R-MMU-140875,Common Pathway of Fibrin Clot Formation,0.003401360544217687,0.0024792363951902812,0.524506383,0.95752707
R-MMU-1482801,Acyl chain remodelling of PS,0.003401360544217687,0.0024792363951902812,0.524506383,0.95752707
R-MMU-166663,Initial triggering of complement,0.003401360544217687,0.0024792363951902812,0.524506383,0.95752707
R-MMU-2028269,Signaling by Hippo,0.003401360544217687,0.0024792363951902812,0.524506383,0.95752707
R-MMU-400042,"Adrenaline,noradrenaline inhibits insulin secretion",0.003401360544217687,0.0024792363951902812,0.524506383,0.95752707
R-MMU-5654700,FRS-mediated FGFR2 signaling,0.003401360544217687,0.0024792363951902812,0.524506383,0.95752707
R-MMU-112310,Neurotransmitter release cycle,0.006802721088435374,0.005950167348456675,0.526816756,0.95752707
R-MMU-1793185,Chondroitin sulfate/dermatan sulfate metabolism,0.006802721088435374,0.005950167348456675,0.526816756,0.95752707
R-MMU-6806667,Metabolism of fat-soluble vitamins,0.006802721088435374,0.005950167348456675,0.526816756,0.95752707
R-MMU-5357801,Programmed Cell Death,0.013605442176870748,0.012892029254989463,0.52855252,0.95752707
R-MMU-168898,Toll-like Receptor Cascades,0.017006802721088437,0.016486922028015372,0.536375183,0.95752707
R-MMU-6805567,Keratinization,0.01020408163265306,0.009545060121482584,0.536494336,0.95752707
R-MMU-193648,NRAGE signals death through JNK,0.006802721088435374,0.006074129168216189,0.537989311,0.95752707
R-MMU-383280,Nuclear Receptor transcription pathway,0.006802721088435374,0.006074129168216189,0.537989311,0.95752707
R-MMU-983189,Kinesins,0.006802721088435374,0.006074129168216189,0.537989311,0.95752707
R-MMU-2024096,HS-GAG degradation,0.003401360544217687,0.0026031982149497955,0.541878711,0.95752707
R-MMU-211981,Xenobiotics,0.003401360544217687,0.0026031982149497955,0.541878711,0.95752707
R-MMU-428930,Thromboxane signalling through TP receptor,0.003401360544217687,0.0026031982149497955,0.541878711,0.95752707
R-MMU-6783589,Interleukin-6 family signaling,0.003401360544217687,0.0026031982149497955,0.541878711,0.95752707
R-MMU-71403,Citric acid cycle (TCA cycle),0.003401360544217687,0.0026031982149497955,0.541878711,0.95752707
R-MMU-912631,Regulation of signaling by CBL,0.003401360544217687,0.0026031982149497955,0.541878711,0.95752707
R-MMU-9613829,Chaperone Mediated Autophagy,0.003401360544217687,0.0026031982149497955,0.541878711,0.95752707
R-MMU-2029480,Fcgamma receptor (FCGR) dependent phagocytosis,0.01020408163265306,0.009669021941242098,0.545287158,0.95752707
R-MMU-2142753,Arachidonic acid metabolism,0.006802721088435374,0.006198090987975704,0.548979267,0.95752707
R-MMU-75153,Apoptotic execution phase,0.006802721088435374,0.006198090987975704,0.548979267,0.95752707
R-MMU-1266695,Interleukin-7 signaling,0.003401360544217687,0.0027271600347093094,0.558618415,0.95752707
R-MMU-1296041,Activation of G protein gated Potassium channels,0.003401360544217687,0.0027271600347093094,0.558618415,0.95752707
R-MMU-1296059,G protein gated Potassium channels,0.003401360544217687,0.0027271600347093094,0.558618415,0.95752707
R-MMU-174417,Telomere C-strand (Lagging Strand) Synthesis,0.003401360544217687,0.0027271600347093094,0.558618415,0.95752707
R-MMU-198725,Nuclear Events (kinase and transcription factor activation),0.003401360544217687,0.0027271600347093094,0.558618415,0.95752707
R-MMU-350054,Notch-HLH transcription pathway,0.003401360544217687,0.0027271600347093094,0.558618415,0.95752707
R-MMU-389357,CD28 dependent PI3K/Akt signaling,0.003401360544217687,0.0027271600347093094,0.558618415,0.95752707
R-MMU-69273,Cyclin A/B1/B2 associated events during G2/M transition,0.003401360544217687,0.0027271600347093094,0.558618415,0.95752707
R-MMU-997272,Inhibition  of voltage gated Ca2+ channels via Gbeta/gamma subunits,0.003401360544217687,0.0027271600347093094,0.558618415,0.95752707
R-MMU-913531,Interferon Signaling,0.006802721088435374,0.006322052807735217,0.559785056,0.95752707
R-MMU-913709,O-linked glycosylation of mucins,0.006802721088435374,0.006322052807735217,0.559785056,0.95752707
R-MMU-196849,Metabolism of water-soluble vitamins and cofactors,0.013605442176870748,0.013511838353787034,0.565968136,0.965562437
R-MMU-1638091,Heparan sulfate/heparin (HS-GAG) metabolism,0.006802721088435374,0.006446014627494731,0.570405465,0.970354537
R-MMU-3238698,WNT ligand biogenesis and trafficking,0.003401360544217687,0.0028511218544688237,0.574748457,0.970354537
R-MMU-8956321,Nucleotide salvage,0.003401360544217687,0.0028511218544688237,0.574748457,0.970354537
R-MMU-983695,Antigen activates B Cell Receptor (BCR) leading to generation of second messengers,0.003401360544217687,0.0028511218544688237,0.574748457,0.970354537
R-MMU-69002,DNA Replication Pre-Initiation,0.01020408163265306,0.010164869220280153,0.579467786,0.975787722
R-MMU-193704,p75 NTR receptor-mediated signalling,0.01020408163265306,0.010288831040039668,0.587757311,0.976832664
R-MMU-180786,Extension of Telomeres,0.003401360544217687,0.0029750836742283376,0.590290967,0.976832664
R-MMU-210500,Glutamate Neurotransmitter Release Cycle,0.003401360544217687,0.0029750836742283376,0.590290967,0.976832664
R-MMU-373752,Netrin-1 signaling,0.003401360544217687,0.0029750836742283376,0.590290967,0.976832664
R-MMU-438066,"Unblocking of NMDA receptors, glutamate binding and activation",0.003401360544217687,0.0029750836742283376,0.590290967,0.976832664
R-MMU-525793,Myogenesis,0.003401360544217687,0.0029750836742283376,0.590290967,0.976832664
R-MMU-983712,Ion channel transport,0.02040816326530612,0.021073509359117393,0.590608057,0.976832664
R-MMU-196854,Metabolism of vitamins and cofactors,0.02040816326530612,0.021197471178876905,0.596378112,0.98387252
R-MMU-1236975,Antigen processing-Cross presentation,0.01020408163265306,0.010536754679558696,0.604020529,0.986024385
R-MMU-1482788,Acyl chain remodelling of PC,0.003401360544217687,0.003099045493987852,0.605267276,0.986024385
R-MMU-1971475,A tetrasaccharide linker sequence is required for GAG synthesis,0.003401360544217687,0.003099045493987852,0.605267276,0.986024385
R-MMU-418360,Platelet calcium homeostasis,0.003401360544217687,0.003099045493987852,0.605267276,0.986024385
R-MMU-429947,Deadenylation of mRNA,0.003401360544217687,0.003099045493987852,0.605267276,0.986024385
R-MMU-69239,Synthesis of DNA,0.013605442176870748,0.014255609272344118,0.608633659,0.989029696
R-MMU-422356,Regulation of insulin secretion,0.006802721088435374,0.006941861906532788,0.611020164,0.990431687
R-MMU-211976,Endogenous sterols,0.003401360544217687,0.0032230073137473657,0.619697943,0.993741632
R-MMU-2514859,"Inactivation, recovery and regulation of the phototransduction cascade",0.003401360544217687,0.0032230073137473657,0.619697943,0.993741632
R-MMU-5654732,Negative regulation of FGFR3 signaling,0.003401360544217687,0.0032230073137473657,0.619697943,0.993741632
R-MMU-77387,Insulin receptor recycling,0.003401360544217687,0.0032230073137473657,0.619697943,0.993741632
R-MMU-8873719,RAB geranylgeranylation,0.006802721088435374,0.007065823726292302,0.620706312,0.993741632
R-MMU-71387,Metabolism of carbohydrates,0.030612244897959183,0.032601958596752204,0.625335709,0.994209403
R-MMU-2029482,Regulation of actin dynamics for phagocytic cup formation,0.006802721088435374,0.007189785546051816,0.630206019,0.994209403
R-MMU-1855204,Synthesis of IP3 and IP4 in the cytosol,0.003401360544217687,0.00334696913350688,0.633602781,0.994209403
R-MMU-2514856,The phototransduction cascade,0.003401360544217687,0.00334696913350688,0.633602781,0.994209403
R-MMU-354192,Integrin alphaIIb beta3 signaling,0.003401360544217687,0.00334696913350688,0.633602781,0.994209403
R-MMU-9006921,Integrin signaling,0.003401360544217687,0.00334696913350688,0.633602781,0.994209403
R-MMU-351202,Metabolism of polyamines,0.006802721088435374,0.00731374736581133,0.639519961,0.994209403
R-MMU-1280215,Cytokine Signaling in Immune system,0.05782312925170068,0.06148506260071898,0.640891678,0.994209403
R-MMU-1296065,Inwardly rectifying K+ channels,0.003401360544217687,0.003470930953266394,0.647000889,0.994209403
R-MMU-176408,Regulation of APC/C activators between G1/S and early anaphase,0.003401360544217687,0.003470930953266394,0.647000889,0.994209403
R-MMU-390918,Peroxisomal lipid metabolism,0.003401360544217687,0.003470930953266394,0.647000889,0.994209403
R-MMU-418597,G alpha (z) signalling events,0.003401360544217687,0.003470930953266394,0.647000889,0.994209403
R-MMU-445355,Smooth Muscle Contraction,0.003401360544217687,0.003470930953266394,0.647000889,0.994209403
R-MMU-450282,MAPK targets/ Nuclear events mediated by MAP kinases,0.003401360544217687,0.003470930953266394,0.647000889,0.994209403
R-MMU-5218920,VEGFR2 mediated vascular permeability,0.003401360544217687,0.003470930953266394,0.647000889,0.994209403
R-MMU-5654726,Negative regulation of FGFR1 signaling,0.003401360544217687,0.003470930953266394,0.647000889,0.994209403
R-MMU-5654733,Negative regulation of FGFR4 signaling,0.003401360544217687,0.003470930953266394,0.647000889,0.994209403
R-MMU-373760,L1CAM interactions,0.006802721088435374,0.007437709185570844,0.648649014,0.994391177
R-MMU-211859,Biological oxidations,0.02040816326530612,0.02256105119623156,0.65687208,0.999883019
R-MMU-211897,Cytochrome P450 - arranged by substrate type,0.006802721088435374,0.007561671005330358,0.657594235,0.999883019
R-MMU-1834949,Cytosolic sensors of pathogen-associated DNA ,0.003401360544217687,0.003594892773025908,0.659910671,0.999883019
R-MMU-73863,RNA Polymerase I Transcription Termination,0.003401360544217687,0.003594892773025908,0.659910671,0.999883019
R-MMU-69306,DNA Replication,0.013605442176870748,0.015247303830420231,0.661368346,0.999883019
R-MMU-156590,Glutathione conjugation,0.003401360544217687,0.003718854592785422,0.672349867,0.999883019
R-MMU-456926,Thrombin signalling through proteinase activated receptors (PARs),0.003401360544217687,0.003718854592785422,0.672349867,0.999883019
R-MMU-5654727,Negative regulation of FGFR2 signaling,0.003401360544217687,0.003718854592785422,0.672349867,0.999883019
R-MMU-917977,Transferrin endocytosis and recycling,0.003401360544217687,0.003718854592785422,0.672349867,0.999883019
R-MMU-5173105,O-linked glycosylation,0.01020408163265306,0.011776372877153836,0.678826332,0.999883019
R-MMU-453279,Mitotic G1-G1/S phases,0.013605442176870748,0.015619189289698772,0.679861479,0.999883019
R-MMU-69563,p53-Dependent G1 DNA Damage Response,0.006802721088435374,0.007933556464608901,0.683339921,0.999883019
R-MMU-69580,p53-Dependent G1/S DNA damage checkpoint,0.006802721088435374,0.007933556464608901,0.683339921,0.999883019
R-MMU-3299685,Detoxification of Reactive Oxygen Species,0.003401360544217687,0.0038428164125449363,0.684335576,0.999883019
R-MMU-375280,Amine ligand-binding receptors,0.003401360544217687,0.0038428164125449363,0.684335576,0.999883019
R-MMU-5673000,RAF activation,0.003401360544217687,0.0038428164125449363,0.684335576,0.999883019
R-MMU-15869,Metabolism of nucleotides,0.01020408163265306,0.01190033469691335,0.685701752,0.999883019
R-MMU-73886,Chromosome Maintenance,0.01020408163265306,0.01190033469691335,0.685701752,0.999883019
R-MMU-5654738,Signaling by FGFR2,0.006802721088435374,0.008057518284368414,0.691563553,0.999883019
R-MMU-606279,Deposition of new CENPA-containing nucleosomes at the centromere,0.006802721088435374,0.008057518284368414,0.691563553,0.999883019
R-MMU-774815,Nucleosome assembly,0.006802721088435374,0.008057518284368414,0.691563553,0.999883019
R-MMU-389356,CD28 co-stimulation,0.003401360544217687,0.003966778232304451,0.695884274,0.999883019
R-MMU-451927,Interleukin-2 family signaling,0.003401360544217687,0.003966778232304451,0.695884274,0.999883019
R-MMU-9615710,Microautophagy,0.003401360544217687,0.003966778232304451,0.695884274,0.999883019
R-MMU-1234176,Oxygen-dependent proline hydroxylation of Hypoxia-inducible Factor Alpha,0.006802721088435374,0.008181480104127928,0.699610903,0.999883019
R-MMU-6809371,Formation of the cornified envelope,0.006802721088435374,0.008181480104127928,0.699610903,0.999883019
R-MMU-69615,G1/S DNA Damage Checkpoints,0.006802721088435374,0.008181480104127928,0.699610903,0.999883019
R-MMU-9006925,Intracellular signaling by second messengers,0.027210884353741496,0.031114416759638032,0.701464504,0.999883019
R-MMU-163841,"Gamma carboxylation, hypusine formation and arylsulfatase activation",0.003401360544217687,0.004090740052063964,0.707011844,0.999883019
R-MMU-390522,Striated Muscle Contraction,0.003401360544217687,0.004090740052063964,0.707011844,0.999883019
R-MMU-6794361,Neurexins and neuroligins,0.003401360544217687,0.004090740052063964,0.707011844,0.999883019
R-MMU-382556,ABC-family proteins mediated transport,0.01020408163265306,0.012396181975951407,0.71210592,0.999883019
R-MMU-140877,Formation of Fibrin Clot (Clotting Cascade),0.003401360544217687,0.004214701871823478,0.717733591,0.999883019
R-MMU-176187,Activation of ATR in response to replication stress,0.003401360544217687,0.004214701871823478,0.717733591,0.999883019
R-MMU-5173214,O-glycosylation of TSR domain-containing proteins,0.003401360544217687,0.004214701871823478,0.717733591,0.999883019
R-MMU-5694530,Cargo concentration in the ER,0.003401360544217687,0.004214701871823478,0.717733591,0.999883019
R-MMU-5696394,DNA Damage Recognition in GG-NER,0.003401360544217687,0.004214701871823478,0.717733591,0.999883019
R-MMU-70263,Gluconeogenesis,0.003401360544217687,0.004214701871823478,0.717733591,0.999883019
R-MMU-8856828,Clathrin-mediated endocytosis,0.013605442176870748,0.016486922028015372,0.720236799,0.999883019
R-MMU-1483166,Synthesis of PA,0.003401360544217687,0.004338663691582993,0.728064268,0.999883019
R-MMU-6804757,Regulation of TP53 Degradation,0.003401360544217687,0.004338663691582993,0.728064268,0.999883019
R-MMU-6806003,Regulation of TP53 Expression and Degradation,0.003401360544217687,0.004338663691582993,0.728064268,0.999883019
R-MMU-8939243,RUNX1 interacts with co-factors whose precise effect on RUNX1 targets is not known,0.003401360544217687,0.004338663691582993,0.728064268,0.999883019
R-MMU-1234174,Cellular response to hypoxia,0.006802721088435374,0.008677327383165985,0.730076438,0.999883019
R-MMU-68949,Orc1 removal from chromatin,0.006802721088435374,0.008677327383165985,0.730076438,0.999883019
R-MMU-69206,G1/S Transition,0.01020408163265306,0.012768067435229949,0.730768168,0.999883019
R-MMU-418555,G alpha (s) signalling events,0.017006802721088437,0.020701623899838848,0.734177668,0.999883019
R-MMU-166016,Toll Like Receptor 4 (TLR4) Cascade,0.01020408163265306,0.012892029254989463,0.736774573,0.999883019
R-MMU-111465,Apoptotic cleavage of cellular proteins,0.003401360544217687,0.004462625511342506,0.738018091,0.999883019
R-MMU-77289,Mitochondrial Fatty Acid Beta-Oxidation,0.003401360544217687,0.004462625511342506,0.738018091,0.999883019
R-MMU-425366,"Transport of bile salts and organic acids, metal ions and amine compounds",0.006802721088435374,0.008925251022685012,0.744304525,0.999883019
R-MMU-5687128,MAPK6/MAPK4 signaling,0.006802721088435374,0.008925251022685012,0.744304525,0.999883019
R-MMU-3899300,SUMOylation of transcription cofactors,0.003401360544217687,0.00458658733110202,0.747608762,0.999883019
R-MMU-201722,Formation of the beta-catenin:TCF transactivating complex,0.006802721088435374,0.009049212842444527,0.751175292,0.999883019
R-MMU-5625740,RHO GTPases activate PKNs,0.006802721088435374,0.009049212842444527,0.751175292,0.999883019
R-MMU-1433557,Signaling by SCF-KIT,0.003401360544217687,0.004710549150861535,0.756849487,0.999883019
R-MMU-442755,Activation of NMDA receptors and postsynaptic events,0.003401360544217687,0.004710549150861535,0.756849487,0.999883019
R-MMU-69231,Cyclin D associated events in G1,0.003401360544217687,0.004710549150861535,0.756849487,0.999883019
R-MMU-69236,G1 Phase,0.003401360544217687,0.004710549150861535,0.756849487,0.999883019
R-MMU-2559586,DNA Damage/Telomere Stress Induced Senescence,0.006802721088435374,0.00917317466220404,0.75788703,0.999883019
R-MMU-163685,Integration of energy metabolism,0.006802721088435374,0.009297136481963555,0.764442157,0.999883019
R-MMU-512988,"Interleukin-3, Interleukin-5 and GM-CSF signaling",0.003401360544217687,0.004834510970621049,0.765752993,0.999883019
R-MMU-5674135,MAP2K and MAPK activation,0.003401360544217687,0.004834510970621049,0.765752993,0.999883019
R-MMU-6814122,Cooperation of PDCL (PhLP1) and TRiC/CCT in G-protein beta folding,0.003401360544217687,0.004834510970621049,0.765752993,0.999883019
R-MMU-69242,S Phase,0.013605442176870748,0.017602578405851,0.766470689,0.999883019
R-MMU-1296072,Voltage gated Potassium channels,0.003401360544217687,0.0049584727903805624,0.774331546,0.999883019
R-MMU-983231,Factors involved in megakaryocyte development and platelet production,0.01020408163265306,0.013759761993306061,0.775896353,0.999883019
R-MMU-190236,Signaling by FGFR,0.006802721088435374,0.009545060121482584,0.77709243,0.999883019
R-MMU-1483206,Glycerophospholipid biosynthesis,0.01020408163265306,0.013883723813065576,0.781078264,0.999883019
R-MMU-1660661,Sphingolipid de novo biosynthesis,0.003401360544217687,0.005082434610140077,0.782596966,0.999883019
R-MMU-195253,Degradation of beta-catenin by the destruction complex,0.006802721088435374,0.009669021941242098,0.783192569,0.999883019
R-MMU-8878159,Transcriptional regulation by RUNX3,0.006802721088435374,0.009669021941242098,0.783192569,0.999883019
R-MMU-4086398,Ca2+ pathway,0.003401360544217687,0.005206396429899591,0.790560645,0.999883019
R-MMU-6803157,Antimicrobial peptides,0.003401360544217687,0.005206396429899591,0.790560645,0.999883019
R-MMU-6811440,Retrograde transport at the Trans-Golgi-Network,0.003401360544217687,0.005206396429899591,0.790560645,0.999883019
R-MMU-73762,RNA Polymerase I Transcription Initiation,0.003401360544217687,0.005330358249659105,0.798233564,0.999883019
R-MMU-9006931,Signaling by Nuclear Receptors,0.02040816326530612,0.026651791248295524,0.802041093,0.999883019
R-MMU-449147,Signaling by Interleukins,0.023809523809523808,0.030618569480599975,0.80266209,0.999883019
R-MMU-177929,Signaling by EGFR,0.003401360544217687,0.005454320069418619,0.805626302,0.999883019
R-MMU-156580,Phase II - Conjugation of compounds,0.006802721088435374,0.010164869220280153,0.806152246,0.999883019
R-MMU-3371556,Cellular response to heat stress,0.006802721088435374,0.010164869220280153,0.806152246,0.999883019
R-MMU-5389840,Mitochondrial translation elongation,0.006802721088435374,0.010164869220280153,0.806152246,0.999883019
R-MMU-5632684,Hedgehog 'on' state,0.006802721088435374,0.010164869220280153,0.806152246,0.999883019
R-MMU-5419276,Mitochondrial translation termination,0.006802721088435374,0.010412792859799182,0.816803318,0.999883019
R-MMU-1483249,Inositol phosphate metabolism,0.003401360544217687,0.005702243708937647,0.819611658,0.999883019
R-MMU-450531,Regulation of mRNA stability by proteins that bind AU-rich elements,0.006802721088435374,0.010536754679558696,0.821930614,0.999883019
R-MMU-5368287,Mitochondrial translation,0.006802721088435374,0.010536754679558696,0.821930614,0.999883019
R-MMU-8876198,RAB GEFs exchange GTP for GDP on RABs,0.006802721088435374,0.010536754679558696,0.821930614,0.999883019
R-MMU-5628897,TP53 Regulates Metabolic Genes,0.003401360544217687,0.005826205528697162,0.826223573,0.999883019
R-MMU-8866654,E3 ubiquitin ligases ubiquitinate target proteins,0.003401360544217687,0.005826205528697162,0.826223573,0.999883019
R-MMU-2565942,Regulation of PLK1 Activity at G2/M Transition,0.006802721088435374,0.01066071649931821,0.826929148,0.999883019
R-MMU-1660499,Synthesis of PIPs at the plasma membrane,0.003401360544217687,0.005950167348456675,0.832593931,0.999883019
R-MMU-2980766,Nuclear Envelope Breakdown,0.003401360544217687,0.005950167348456675,0.832593931,0.999883019
R-MMU-71406,Pyruvate metabolism and Citric Acid (TCA) cycle,0.003401360544217687,0.005950167348456675,0.832593931,0.999883019
R-MMU-73887,Death Receptor Signalling,0.01020408163265306,0.015371265650179745,0.835873775,0.999883019
R-MMU-1257604,PIP3 activates AKT signaling,0.02040816326530612,0.02801537126565018,0.838278833,0.999883019
R-MMU-1236978,Cross-presentation of soluble exogenous antigens (endosomes),0.003401360544217687,0.006074129168216189,0.838731527,0.999883019
R-MMU-166166,MyD88-independent TLR4 cascade ,0.006802721088435374,0.011032601958596752,0.841177469,0.999883019
R-MMU-6811434,COPI-dependent Golgi-to-ER retrograde traffic,0.006802721088435374,0.011032601958596752,0.841177469,0.999883019
R-MMU-69052,Switching of origins to a post-replicative state,0.006802721088435374,0.011032601958596752,0.841177469,0.999883019
R-MMU-937061,TRIF(TICAM1)-mediated TLR4 signaling ,0.006802721088435374,0.011032601958596752,0.841177469,0.999883019
R-MMU-1632852,Macroautophagy,0.006802721088435374,0.011156563778356266,0.845686171,0.999883019
R-MMU-1296071,Potassium Channels,0.006802721088435374,0.01128052559811578,0.850078636,0.999883019
R-MMU-350562,Regulation of ornithine decarboxylase (ODC),0.003401360544217687,0.006322052807735217,0.850342034,0.999883019
R-MMU-6781823,Formation of TC-NER Pre-Incision Complex,0.003401360544217687,0.006322052807735217,0.850342034,0.999883019
R-MMU-427359,SIRT1 negatively regulates rRNA expression,0.003401360544217687,0.006446014627494731,0.855830986,0.999883019
R-MMU-8939902,Regulation of RUNX2 expression and activity,0.003401360544217687,0.006446014627494731,0.855830986,0.999883019
R-MMU-429914,Deadenylation-dependent mRNA decay,0.003401360544217687,0.006569976447254246,0.861119282,0.999883019
R-MMU-5250941,Negative epigenetic regulation of rRNA expression,0.003401360544217687,0.006569976447254246,0.861119282,0.999883019
R-MMU-917937,Iron uptake and transport,0.003401360544217687,0.00669393826701376,0.866214232,0.999883019
R-MMU-212165,Epigenetic regulation of gene expression,0.006802721088435374,0.01190033469691335,0.870382237,0.999883019
R-MMU-448424,Interleukin-17 signaling,0.003401360544217687,0.0068179000867732735,0.871122883,0.999883019
R-MMU-450294,MAP kinase activation,0.003401360544217687,0.0068179000867732735,0.871122883,0.999883019
R-MMU-2672351,Stimuli-sensing channels,0.006802721088435374,0.012024296516672865,0.874127818,0.999883019
R-MMU-5358351,Signaling by Hedgehog,0.01020408163265306,0.0167348456675344,0.875326795,0.999883019
R-MMU-5610780,Degradation of GLI1 by the proteasome,0.003401360544217687,0.006941861906532788,0.875852023,0.999883019
R-MMU-388841,Costimulation by the CD28 family,0.003401360544217687,0.007065823726292302,0.880408196,0.999883019
R-MMU-202403,TCR signaling,0.006802721088435374,0.012272220156191893,0.881322314,0.999883019
R-MMU-3214841,PKMTs methylate histone lysines,0.003401360544217687,0.007189785546051816,0.884797708,0.999883019
R-MMU-68827,CDT1 association with the CDC6:ORC:origin complex,0.003401360544217687,0.007189785546051816,0.884797708,0.999883019
R-MMU-187577,SCF(Skp2)-mediated degradation of p27/p21,0.003401360544217687,0.007437709185570844,0.893100832,0.999883019
R-MMU-3214858,RMTs methylate histone arginines,0.003401360544217687,0.007561671005330358,0.897025942,0.999883019
R-MMU-5610787,Hedgehog 'off' state,0.006802721088435374,0.012892029254989463,0.897681059,0.999883019
R-MMU-8878166,Transcriptional regulation by RUNX2,0.003401360544217687,0.007809594644849386,0.904450454,0.999883019
R-MMU-9033241,Peroxisomal protein import,0.003401360544217687,0.007933556464608901,0.907960145,0.999883019
R-MMU-1483257,Phospholipid metabolism,0.013605442176870748,0.022932936655510102,0.910450117,0.999883019
R-MMU-9007101,Rab regulation of trafficking,0.006802721088435374,0.013511838353787034,0.911924881,0.999883019
R-MMU-8939236,RUNX1 regulates transcription of genes involved in differentiation of HSCs,0.003401360544217687,0.008181480104127928,0.914598733,0.999883019
R-MMU-68867,Assembly of the pre-replicative complex,0.003401360544217687,0.008305441923887442,0.917736837,0.999883019
R-MMU-8852135,Protein ubiquitination,0.003401360544217687,0.008305441923887442,0.917736837,0.999883019
R-MMU-204005,COPII-mediated vesicle transport,0.003401360544217687,0.008429403743646957,0.920760008,0.999883019
R-MMU-6794362,Protein-protein interactions at synapses,0.003401360544217687,0.008429403743646957,0.920760008,0.999883019
R-MMU-9612973,Autophagy,0.006802721088435374,0.01400768563282509,0.921962105,0.999883019
R-MMU-168164,Toll Like Receptor 3 (TLR3) Cascade,0.003401360544217687,0.008553365563406471,0.923672442,0.999883019
R-MMU-380259,Loss of Nlp from mitotic centrosomes,0.003401360544217687,0.008553365563406471,0.923672442,0.999883019
R-MMU-380284,Loss of proteins required for interphase microtubule organization from the centrosome,0.003401360544217687,0.008553365563406471,0.923672442,0.999883019
R-MMU-3108232,SUMO E3 ligases SUMOylate target proteins,0.01020408163265306,0.01921408206272468,0.926079121,0.999883019
R-MMU-157579,Telomere Maintenance,0.003401360544217687,0.008677327383165985,0.926478181,0.999883019
R-MMU-69202,Cyclin E associated events during G1/S transition ,0.003401360544217687,0.008677327383165985,0.926478181,0.999883019
R-MMU-983169,Class I MHC mediated antigen processing & presentation,0.027210884353741496,0.04152720961943721,0.927304199,0.999883019
R-MMU-168142,Toll Like Receptor 10 (TLR10) Cascade,0.003401360544217687,0.0088012892029255,0.929181122,0.999883019
R-MMU-168176,Toll Like Receptor 5 (TLR5) Cascade,0.003401360544217687,0.0088012892029255,0.929181122,0.999883019
R-MMU-975871,MyD88 cascade initiated on plasma membrane,0.003401360544217687,0.0088012892029255,0.929181122,0.999883019
R-MMU-166058,MyD88:MAL(TIRAP) cascade initiated on plasma membrane,0.003401360544217687,0.008925251022685012,0.931785017,0.999883019
R-MMU-168179,Toll Like Receptor TLR1:TLR2 Cascade,0.003401360544217687,0.008925251022685012,0.931785017,0.999883019
R-MMU-168188,Toll Like Receptor TLR6:TLR2 Cascade,0.003401360544217687,0.008925251022685012,0.931785017,0.999883019
R-MMU-181438,Toll Like Receptor 2 (TLR2) Cascade,0.003401360544217687,0.008925251022685012,0.931785017,0.999883019
R-MMU-69017,CDK-mediated phosphorylation and removal of Cdc6,0.003401360544217687,0.008925251022685012,0.931785017,0.999883019
R-MMU-69656,Cyclin A:Cdk2-associated events at S phase entry,0.003401360544217687,0.008925251022685012,0.931785017,0.999883019
R-MMU-8854518,AURKA Activation by TPX2,0.003401360544217687,0.008925251022685012,0.931785017,0.999883019
R-MMU-6781827,Transcription-Coupled Nucleotide Excision Repair (TC-NER),0.003401360544217687,0.009049212842444527,0.934293486,0.999883019
R-MMU-2990846,SUMOylation,0.01020408163265306,0.01983389116152225,0.935397632,0.999883019
R-MMU-1483255,PI Metabolism,0.003401360544217687,0.00917317466220404,0.936710013,0.999883019
R-MMU-163125,Post-translational modification: synthesis of GPI-anchored proteins,0.003401360544217687,0.00917317466220404,0.936710013,0.999883019
R-MMU-194315,Signaling by Rho GTPases,0.034013605442176874,0.05082434610140077,0.9367694,0.999883019
R-MMU-3858494,Beta-catenin independent WNT signaling,0.006802721088435374,0.014999380190901202,0.938897584,0.999883019
R-MMU-8856688,Golgi-to-ER retrograde transport,0.006802721088435374,0.015123342010660717,0.940751777,0.999883019
R-MMU-5696399,Global Genome Nucleotide Excision Repair (GG-NER),0.003401360544217687,0.00942109830172307,0.941280554,0.999883019
R-MMU-73772,RNA Polymerase I Promoter Escape,0.003401360544217687,0.009545060121482584,0.943440924,0.999883019
R-MMU-380270,Recruitment of mitotic centrosome proteins and complexes,0.003401360544217687,0.009669021941242098,0.945522072,0.999883019
R-MMU-380287,Centrosome maturation,0.003401360544217687,0.009669021941242098,0.945522072,0.999883019
R-MMU-5250913,Positive epigenetic regulation of rRNA expression,0.003401360544217687,0.009669021941242098,0.945522072,0.999883019
R-MMU-5250924,B-WICH complex positively regulates rRNA expression,0.003401360544217687,0.009669021941242098,0.945522072,0.999883019
R-MMU-428157,Sphingolipid metabolism,0.003401360544217687,0.009792983761001612,0.947526892,0.999883019
R-MMU-70326,Glucose metabolism,0.003401360544217687,0.009916945580761125,0.949458176,0.999883019
R-MMU-8939211,ESR-mediated signaling,0.01020408163265306,0.020949547539357877,0.949497013,0.999883019
R-MMU-975138,TRAF6 mediated induction of NFkB and MAP kinases upon TLR7/8 or 9 activation,0.003401360544217687,0.01004090740052064,0.951318611,0.999883019
R-MMU-163200,"Respiratory electron transport, ATP synthesis by chemiosmotic coupling, and heat production by uncoupling proteins.",0.003401360544217687,0.010164869220280153,0.953110788,0.999883019
R-MMU-168181,Toll Like Receptor 7/8 (TLR7/8) Cascade,0.003401360544217687,0.010164869220280153,0.953110788,0.999883019
R-MMU-202424,Downstream TCR signaling,0.003401360544217687,0.010164869220280153,0.953110788,0.999883019
R-MMU-975155,MyD88 dependent cascade initiated on endosome,0.003401360544217687,0.010164869220280153,0.953110788,0.999883019
R-MMU-1428517,The citric acid (TCA) cycle and respiratory electron transport,0.006802721088435374,0.016115036568736828,0.953778056,0.999883019
R-MMU-174143,APC/C-mediated degradation of cell cycle proteins,0.003401360544217687,0.010288831040039668,0.954837204,0.999883019
R-MMU-453276,Regulation of mitotic cell cycle,0.003401360544217687,0.010288831040039668,0.954837204,0.999883019
R-MMU-6804756,Regulation of TP53 Activity through Phosphorylation,0.003401360544217687,0.010288831040039668,0.954837204,0.999883019
R-MMU-6811442,Intra-Golgi and retrograde Golgi-to-ER traffic,0.01020408163265306,0.021569356638155446,0.95603852,0.999883019
R-MMU-2559582,Senescence-Associated Secretory Phenotype (SASP),0.003401360544217687,0.010412792859799182,0.956500263,0.999883019
R-MMU-8951664,Neddylation,0.013605442176870748,0.026899714887814553,0.959555182,0.999883019
R-MMU-69275,G2/M Transition,0.01020408163265306,0.02194124209743399,0.959574823,0.999883019
R-MMU-168138,Toll Like Receptor 9 (TLR9) Cascade,0.003401360544217687,0.01066071649931821,0.959645496,0.999883019
R-MMU-4086400,PCP/CE pathway,0.003401360544217687,0.01066071649931821,0.959645496,0.999883019
R-MMU-380320,Recruitment of NuMA to mitotic centrosomes,0.003401360544217687,0.010784678319077723,0.961132054,0.999883019
R-MMU-5693607,Processing of DNA double-strand break ends,0.003401360544217687,0.010784678319077723,0.961132054,0.999883019
R-MMU-453274,Mitotic G2-G2/M phases,0.01020408163265306,0.02218916573695302,0.961782621,0.999883019
R-MMU-5668541,TNFR2 non-canonical NF-kB pathway,0.003401360544217687,0.011652411057394323,0.970116582,0.999883019
R-MMU-73854,RNA Polymerase I Promoter Clearance,0.003401360544217687,0.011652411057394323,0.970116582,0.999883019
R-MMU-73864,RNA Polymerase I Transcription,0.003401360544217687,0.011776372877153836,0.971218517,0.999883019
R-MMU-5620912,Anchoring of the basal body to the plasma membrane,0.003401360544217687,0.01190033469691335,0.972279951,0.999883019
R-MMU-9020702,Interleukin-1 signaling,0.003401360544217687,0.01190033469691335,0.972279951,0.999883019
R-MMU-5633007,Regulation of TP53 Activity,0.006802721088435374,0.01822238750464857,0.972983322,0.999883019
R-MMU-983705,Signaling by the B Cell Receptor (BCR),0.003401360544217687,0.012148258336432379,0.9742872,0.999883019
R-MMU-2559583,Cellular Senescence,0.006802721088435374,0.01896615842320565,0.977708772,0.999883019
R-MMU-5696398,Nucleotide Excision Repair,0.003401360544217687,0.012644105615470434,0.977877456,0.999883019
R-MMU-446652,Interleukin-1 family signaling,0.003401360544217687,0.012768067435229949,0.978694032,0.999883019
R-MMU-9609507,Protein localization,0.003401360544217687,0.012892029254989463,0.979480566,0.999883019
R-MMU-983168,Antigen processing: Ubiquitination & Proteasome degradation,0.017006802721088437,0.035205156811702,0.980080113,0.999883019
R-MMU-3247509,Chromatin modifying enzymes,0.006802721088435374,0.01983389116152225,0.982216694,0.999883019
R-MMU-4839726,Chromatin organization,0.006802721088435374,0.01983389116152225,0.982216694,0.999883019
R-MMU-2454202,Fc epsilon receptor (FCERI) signaling,0.003401360544217687,0.014255609272344118,0.986437726,0.999883019
R-MMU-3700989,Transcriptional Regulation by TP53,0.013605442176870748,0.03247799677699269,0.98788728,0.999883019
R-MMU-1852241,Organelle biogenesis and maintenance,0.01020408163265306,0.02739556216685261,0.988729991,0.999883019
R-MMU-5693567,HDR through Homologous Recombination (HRR) or Single Strand Annealing (SSA),0.003401360544217687,0.014875418371141688,0.988766722,0.999883019
R-MMU-68875,Mitotic Prophase,0.003401360544217687,0.014875418371141688,0.988766722,0.999883019
R-MMU-5693538,Homology Directed Repair,0.003401360544217687,0.015247303830420231,0.989968042,0.999883019
R-MMU-8878171,Transcriptional regulation by RUNX1,0.006802721088435374,0.022065203917193504,0.99012546,0.999883019
R-MMU-195721,Signaling by WNT,0.013605442176870748,0.0343374240733854,0.992046611,0.999883019
R-MMU-5663220,RHO GTPases Activate Formins,0.003401360544217687,0.016115036568736828,0.992296343,0.999883019
R-MMU-69278,"Cell Cycle, Mitotic",0.030612244897959183,0.059749597124085785,0.993154032,0.999883019
R-MMU-2262752,Cellular responses to stress,0.023809523809523808,0.050948307921160285,0.994050096,0.999883019
R-MMU-8953897,Cellular responses to external stimuli,0.023809523809523808,0.05119623156067931,0.994339337,0.999883019
R-MMU-195258,RHO GTPase Effectors,0.013605442176870748,0.036196851369778106,0.994819928,0.999883019
R-MMU-199977,ER to Golgi Anterograde Transport,0.003401360544217687,0.017726540225610512,0.995285563,0.999883019
R-MMU-201681,TCF dependent signaling in response to WNT,0.006802721088435374,0.025040287591421843,0.995557502,0.999883019
R-MMU-5693532,DNA Double-Strand Break Repair,0.003401360544217687,0.01859427296392711,0.996382188,0.999883019
R-MMU-69481,G2/M Checkpoints,0.003401360544217687,0.019338043882484196,0.997117257,0.999883019
R-MMU-5689880,Ub-specific processing proteases,0.003401360544217687,0.021073509359117393,0.998304301,0.999883019
R-MMU-948021,Transport to the Golgi and subsequent modification,0.003401360544217687,0.021197471178876905,0.998367431,0.999883019
R-MMU-68877,Mitotic Prometaphase,0.003401360544217687,0.02318086029502913,0.999110906,0.999883019
R-MMU-68882,Mitotic Anaphase,0.003401360544217687,0.023552745754307672,0.999206766,0.999883019
R-MMU-2555396,Mitotic Metaphase and Anaphase,0.003401360544217687,0.023676707574067188,0.999236373,0.999883019
R-MMU-446203,Asparagine N-linked glycosylation,0.006802721088435374,0.03161026403867609,0.999273259,0.999883019
R-MMU-5617833,Cilium Assembly,0.003401360544217687,0.024172554853105245,0.999344186,0.999883019
R-MMU-69620,Cell Cycle Checkpoints,0.006802721088435374,0.03396553861410685,0.999625087,0.999883019
R-MMU-73894,DNA Repair,0.006802721088435374,0.03718854592785422,0.999849849,0.999883019
R-MMU-5688426,Deubiquitination,0.003401360544217687,0.029131027643485807,0.999857477,0.999883019
R-MMU-68886,M Phase,0.01020408163265306,0.04512210239246312,0.999883019,0.999883019
